{"id":"Royal_0","name":"R_1","stuffs":[{"Lock":false,"id":"TV_0","name":"SamsungG730","stuffGameObject":{"instanceID":-7702},"position":{"x":4.445000171661377,"y":1.7200021743774415,"z":-2.384185791015625e-7},"rotation":{"x":-0.7071068286895752,"y":0.0,"z":0.0,"w":0.7071068286895752},"scale":{"x":0.19639000296592713,"y":2.2086005210876467,"z":1.0002002716064454}},{"Lock":false,"id":"Sofa_0","name":"Sofa_R120","stuffGameObject":{"instanceID":-7714},"position":{"x":1.0859999656677247,"y":0.3676999807357788,"z":-1.0755010843276978},"rotation":{"x":-0.7071068286895752,"y":0.0,"z":0.0,"w":0.7071068286895752},"scale":{"x":1.0881321430206299,"y":3.444563388824463,"z":0.6366938352584839}},{"Lock":false,"id":"Refrigerator_0","name":"Refrigerator_G532","stuffGameObject":{"instanceID":-7726},"position":{"x":3.849400043487549,"y":1.2060003280639649,"z":4.627004146575928},"rotation":{"x":-0.7071068286895752,"y":0.0,"z":0.0,"w":0.7071068286895752},"scale":{"x":1.2371909618377686,"y":0.48597806692123415,"z":2.371310234069824}}]}