{"id":"Royal_0","name":"R_3","stuffs":[{"Lock":false,"id":"Sofa_0","name":"Sofa_R130","stuffGameObject":{"instanceID":-15570},"position":{"x":2.7799999713897707,"y":0.36999988555908205,"z":4.450005531311035},"rotation":{"x":-0.5000000596046448,"y":-0.5000000596046448,"z":-0.5000000596046448,"w":0.5000000596046448},"scale":{"x":1.088132619857788,"y":3.444563627243042,"z":0.6366939544677734}},{"Lock":false,"id":"TV_0","name":"SamsungV890","stuffGameObject":{"instanceID":-15582},"position":{"x":4.388516426086426,"y":1.882002830505371,"z":0.20000004768371583},"rotation":{"x":0.7071068286895752,"y":0.0,"z":0.0,"w":0.7071068286895752},"scale":{"x":0.19639000296592713,"y":2.2086005210876467,"z":1.0002002716064454}},{"Lock":false,"id":"Refrigerator_0","name":"Refrigerator_G0025","stuffGameObject":{"instanceID":-15594},"position":{"x":1.225000023841858,"y":1.1940014362335206,"z":0.3680000305175781},"rotation":{"x":-0.7071068286895752,"y":0.0,"z":0.0,"w":0.7071068286895752},"scale":{"x":1.2371909618377686,"y":0.48597806692123415,"z":2.371310234069824}}]}