{"group":"Royal_0","name":"R_4","stuffs":[{"Lock":false,"group":"Refrigerator_0","name":"Refrigerator_ER7","stuffGameObject":{"instanceID":-35208},"position":{"x":2.490000009536743,"y":1.450000286102295,"z":4.080001354217529},"rotation":{"x":-0.7071068286895752,"y":0.0,"z":0.0,"w":0.7071068286895752},"scale":{"x":1.2371909618377686,"y":0.48597806692123415,"z":2.371310234069824}},{"Lock":false,"group":"Sofa_0","name":"Sofa_R140","stuffGameObject":{"instanceID":-35546},"position":{"x":3.9690001010894777,"y":0.3420000672340393,"z":0.29600006341934206},"rotation":{"x":-0.7071068286895752,"y":0.0,"z":0.0,"w":0.7071068286895752},"scale":{"x":1.0881321430206299,"y":3.444563627243042,"z":0.6366937756538391}},{"Lock":false,"group":"TV_0","name":"Samsungflame1020","stuffGameObject":{"instanceID":-35954},"position":{"x":0.6949999928474426,"y":1.4610002040863038,"z":-0.17900002002716065},"rotation":{"x":-0.7071068286895752,"y":0.0,"z":0.0,"w":0.7071068286895752},"scale":{"x":0.19639000296592713,"y":2.2086005210876467,"z":1.0002002716064454}}]}