{
  "group": "Royal_0",
  "name": "R_2",
  "stuffs": [
    {
      "Lock": false,
      "group": "Refrigerator_0",
      "name": "Refrigerator_ER7",
      "stuffGameObject": { "instancegroup": -12968 },
      "position": {
        "x": 2.630000114440918,
        "y": 1.2020001411437989,
        "z": 4.676004886627197
      },
      "rotation": {
        "x": 0.6997354030609131,
        "y": 0.0,
        "z": 0.0,
        "w": 0.7144021987915039
      },
      "scale": {
        "x": 1.2371909618377686,
        "y": 0.4859780967235565,
        "z": 2.3713104724884035
      }
    },
    {
      "Lock": false,
      "group": "Sofa_0",
      "name": "Sofa_R140",
      "stuffGameObject": { "instancegroup": -12980 },
      "position": {
        "x": 3.9619998931884767,
        "y": 0.3020002841949463,
        "z": -0.16000014543533326
      },
      "rotation": {
        "x": -0.7071068286895752,
        "y": 0.0,
        "z": 0.0,
        "w": 0.7071068286895752
      },
      "scale": {
        "x": 1.0881321430206299,
        "y": 3.444563388824463,
        "z": 0.6366938352584839
      }
    },
    {
      "Lock": false,
      "group": "TV_0",
      "name": "SamsungG730",
      "stuffGameObject": { "instancegroup": -12992 },
      "position": {
        "x": 0.7009999752044678,
        "y": 2.168002128601074,
        "z": -0.7120003700256348
      },
      "rotation": {
        "x": -0.7071068286895752,
        "y": 0.0,
        "z": 0.0,
        "w": 0.7071068286895752
      },
      "scale": {
        "x": 0.19639000296592713,
        "y": 2.2086005210876467,
        "z": 1.0002002716064454
      }
    }
  ]
}